file,text,split
he01.wav,הסצנות מוצגות על גבי הפירמידות והפירמידות השונות מוארות.,train
he02.wav,"לכן, סביר שהסימון נוסף פשוט כתווית.",train
he03.wav,אבל הרבה דברים אצל ציפורים עדיין נראים כמו דינוזאורים.,train
he04.wav,אירוסמית' ביטלו את ההופעות הנותרות בסיבוב ההופעות שלהם.,train
he05.wav,חשבו על מסלול הסקי כמו על מסלול דומה לטיול בטבע.,train
he06.wav,הוא דק יותר מתחת לימות ועבה יותר מתחת לרמות.,train
he07.wav,"על פי סוכנות הגרעין היפנית, צזיום ויוד רדיואקטיביים זוהו במפעל.",train
he08.wav,אל תשחיתו את האתר על ידי סימון או חריטת גרפיטי על מבנים.,train
he09.wav,גם מתאבקים עמיתים חלקו ללונה כבוד.,validation
he10.wav,זו דרך חשובה להבדיל בין מספר פעלים ועצמים.,validation
